# prontera-vendors price table: what each item sells for, as a range each
# stall rolls inside. Edit freely; the server reads it at startup, and
# tools/build_vendors.py keeps existing rows. Id decides, Name is for you.
# Refined, forged and carded lines are priced in population_vendors.yml.
Id,Name,Min,Max
730,1carat Diamond,20500,24000
731,2carat Diamond,21500,25000
732,3carat Diamond,27500,32000
2800,Accelerator,82500,97000
7136,Acid Bottle,7100,8300
18776,Advanced Angel's Kiss,8250,9700
22015,Advanced Angel's Reincarnation,8250,9700
20710,Advanced Angelic Cardigan,8250,9700
2183,Advanced Angelic Guard,8250,9700
15068,Advanced Angelic Protection,8250,9700
2120,Advanced Arm Guard,33000,38500
2306,Adventurer's Suit,765,1000
1290,Agent Katar,33500,39500
1478,Ahlspiess,736000,864000
5086,Alarm Mask,10997500,12910000
1191,Alca Bringer,2433000,2856000
7047,Alice's Apron,2500,2950
4252,Alligator Card,11000,13000
704,Aloe,2300,2700
606,Aloevera,1950,2300
13122,Altair & Ares,1200500,1409000
719,Amethyst,84500,99000
609,Amulet,8800,10000
2507,Ancient Cape,67500,79500
13062,Ancient Dagger,8443000,9911500
12381,Ancient Languages Scroll,8,12
12382,Ancient Languages Scroll,8,12
1054,Ancient Lips,1600,1900
1573,Ancient Magic,110500,130000
24029,Ancient Shadow Armor,1,2
4043,Andre Card,3631000,4262500
4013,Andre Egg Card,898500,1054500
7834,Andvari's Ring,1,2
6395,Angel Magic Powder,9200,10500
2254,Angel Wing,6388000,7499000
5125,Angel's Kiss,8250,9700
2420,Angel's Reincarnation,8250,9700
2521,Angelic Cardigan,114000,133500
2116,Angelic Guard,8250,9700
2355,Angelic Protection,8250,9700
2743,Angelic Ring,368000,432000
5113,Angry Snarl,60500,71000
702,Animal Gore,32500,38000
605,Anodyne,9150,10500
7107,Antelope Skin,440,595
2284,Antlers,147000,172500
4138,Anubis Card,1610000,1890000
512,Apple,280,380
531,Apple Juice,5350,6300
2285,Apple of Archer,460000,540000
2468,Aqua Shoes,13800000,16200000
720,Aquamarine,29000,34000
1715,Arbalest,276000,324000
1611,Arc Wand,37000,43500
4094,Archer Skeleton Card,3769500,4425500
2117,Arm Guard,8250,9700
4347,Armeyer Dinze Card,1495000,1755000
639,Armlet of Obedience,69000,81000
2656,Armor Charm,347000,407500
2389,Armor of Naga,1687500,1981000
7210,Armor Piece of Dullahan,2500,2950
1750,Arrow,11000,13000
1767,Arrow of Shadow,155,215
1755,Arrow of Wind,25,35
1232,Assassin Dagger,1922500,2257000
2892,Assassin Handcuffs,46000,54000
5096,Assassin Mask,721000,846500
12052,Assorted Seafood,2000,2400
13010,Asura,48000,56500
13011,Asura,2450,2900
24051,Athena Earring (Shadow),1,2
24026,Athena Shield (Shadow),1,2
1175,Atlas Weapon,2553000,2997000
662,Authoritative Badge,2600,3050
656,Awakening Potion,1150,1350
1301,Axe,380,515
1302,Axe,380,515
1235,Azoth,2439000,2863500
4233,Baby Leopard Card,1840000,2160000
5110,Baby Pacifier,134000,157500
1722,Ballista,102500,120500
513,Banana,335,455
13264,Banana Bomb,85,115
532,Banana Juice,1950,2300
2211,Bandana,305,410
12778,Bapho Jr Scroll,17,24
750,Baphomet Doll,1390000,1632000
10017,Bark Shorts,14000,16000
2806,Barrier Builder,124000,145500
1919,Bass Guitar,2300,2700
4119,Bathory Card,4465000,5241500
1351,Battle Axe,4450,5200
1352,Battle Axe,4450,5200
1485,Battle Fork,235500,276500
1421,Battle Hook,135500,159000
1231,Bazerald,4195500,4925000
948,Bear's Footskin,235,320
939,Bee Sting,955,1100
6254,Beef Head,85,115
1375,Berdysz,806500,946500
5172,Beret,136000,159500
1920,Berserk Guitar,51500,60000
657,Berserk Potion,2600,3050
1551,Bible,49500,58000
2156,Bible of Promise(1st Vol.),13724500,16111500
2162,Bible of Promise(2nd Vol.),46000,54000
2296,Binoculars,504000,591500
7297,Biotite,45500,53500
2217,Biretta,7450,8700
2702,Bison Horn,2201500,2584500
621,Bitter Herb,15000,17500
2747,Black Cat,276500,324500
7206,Black Cat Doll,23000,27000
983,Black Dyestuffs,637500,748500
13256,Black Earth Kunai,405,550
1020,Black Hair,2000,2350
737,Black Ladle,78000,91500
2425,Black Leather Boots,5688500,6678000
6245,Black Powder,1400,1600
13061,Black Wing,4354000,5111000
2480,Black Wing Boots,9200000,10800000
2581,Black Wing Manteau,276000,324000
1107,Blade,2400,2800
1108,Blade,2400,2800
7023,Blade Lost in Darkness,913000,1072000
7433,Blank Scroll,2700,3200
1271,Blood Tears,441500,518000
6470,Blood Thirst,1100,1250
2655,Bloodied Shackle Ball,41000,48500
1363,Bloody Axe,3318000,3895000
12103,Bloody Branch,9200,10500
7642,Bloody Coin,8,12
1182,Bloody Eater,1246000,1462500
7024,Bloody Edge,582500,684000
7446,Blue Bijou,1400,1650
717,Blue Gemstone,495,670
1034,Blue Hair,560,760
510,Blue Herb,3700,4350
505,Blue Potion,4600,5400
11624,Blue Syrup,6400,7550
5040,Blush,5353500,6284500
2279,Bomb Wick,9200,10500
5017,Bone Helm,339500,399000
15000,Bone Plate,504500,592500
1550,Book,24500,29000
1553,Book of Billows,28500,34000
1568,Book of Billows,28500,34000
1570,Book of Blazing Sun,28500,34000
1556,Book of Gust of Wind,137500,161500
1571,Book of Gust of Wind,28500,34000
1554,Book of Mother Earth,120500,141500
1569,Book of Mother Earth,28500,34000
1557,Book of the Apocalypse,61000,72000
1555,Book of the Blazing Sun,383500,450000
642,Book of the Devil,83500,98000
7015,Bookclip in Memory,6400,7550
2406,Boots,14500,17000
7135,Bottle Grenade,21500,25000
1701,Bow,765,1000
1702,Bow,765,1000
2619,Bow Thimble,8250,9700
2671,Bow Thimble,8250,9700
12029,Box of Gloom,67500,79000
12032,Box of Storms,9000,10500
12033,Box of Sunlight,920,1050
12028,Box of Thunder,28500,33500
12373,Boy's Pure Heart,17,24
6224,Bradium,16500,19500
2138,Bradium Shield,1516500,1780500
1385,Bradium Stone Hammer,2953000,3466500
13150,Branch,2450,2900
580,Bread,250,340
24024,Breeze Armor (Shadow),1,2
1160,Broad Sword,53500,63000
1162,Broad Sword,91000,106500
7158,Broken Liquor Jar,3950,4650
7215,Broken Needle,1050,1250
7070,Broken Shell,3600,4200
7156,Broken Shuriken,7200,8450
7110,Broken Sword,2200,2550
7915,Bronze Coin,16000,19000
2605,Brooch,284000,333500
2625,Brooch,24500,29000
2103,Buckler,11500,13500
2104,Buckler,131000,154000
1042,Bug Leg,1800,2150
13200,Bullet,5,7
1730,Burning Bow,834000,979500
7122,Burning Hair,675,915
7097,Burning Heart,660,900
7120,Burning Horseshoe,765,1000
1914,Burning Passion Guitar,32000,38000
7068,Burnt Tree,6150,7250
1357,Buster,28000,33000
1358,Buster,28000,33000
13158,Butcher,1150000,1350000
13159,Butcher,107500,126000
602,Butterfly Wing,425,575
1140,Byeollungum,5411500,6352500
952,Cactus Needle,580,785
2808,Camouflague Generator,207000,243000
529,Candy,1400,1650
530,Candy Cane,430,585
1435,Cannon Spear,46000,54000
2226,Cap,9900,11500
2227,Cap,57500,67500
17109,Capri Scroll,17,24
1484,Cardo,2518000,2955500
515,Carrot,17,25
1974,Carrot Whip,494000,579500
24048,Caster Pendant (Shadow),1,2
16015,Cat Club,8280000,9720000
2873,Cat Hand Glove,752500,883500
2617,Celebrant's Mitten,171000,201000
1925,Cello,226000,265500
1519,Chain,19000,22000
1520,Chain,19000,22000
2315,Chain Mail,53500,63000
1285,Chakram,2070000,2430000
24025,Champion Shoes (Shadow),1,2
548,Cheese,4900,5750
11002,Chef King Orleans Vol.1,10000,11500
1964,Chemeti Whip,600000,704500
6471,Chills Of Death,1450,1700
1004,Chivalry Emblem,1,3
558,Chocolate,1500,1750
1196,Chrome Two-Handed Sword,3022500,3548500
915,Chrysalis,67,91
1245,Cinquedea,33000,38500
1246,Cinquedea,54000,63500
2233,Circlet,6200,7250
15013,Claire Suits,309500,363000
1809,Claw,55000,65000
1810,Claw,55000,65000
7030,Claw of Desert Wolf,980,1150
7007,Claw of Rat,920,1050
1163,Claymore,61000,71500
2607,Clip,24500,29000
705,Clover,92,125
2262,Clown Nose,33000,39000
1501,Club,91,125
1502,Club,91,125
6608,Coagulated Spell,17,24
1003,Coal,4650,5450
2310,Coat,18000,21000
978,Cobaltblue Dyestuffs,165500,194000
1025,Cobweb,3200,3750
12430,Cocktail Warg Blood,1,2
4041,Coco Card,25500,30000
6263,Coconut Fruit,2150,2500
7093,Cogwheel,1500,1800
2746,Cold Heart,1323000,1553000
6253,Cold Ice,36500,43000
1584,Cold Magic Book,46000,54000
13189,Color Scope,1117500,1312000
1822,Combo Battle Glove,261000,306000
1704,Composite Bow,2050,2400
12428,Concentrated White Potion Z,8,12
645,Concentration Potion,600,815
961,Conch,690,935
545,Condensed Red Potion,1800,2100
547,Condensed White Potion,6950,8200
546,Condensed Yellow Potion,1650,1900
7223,Contorted Self-Portrait,5500,6450
1934,Contrabass,16500,19000
641,Contract in Shadow,85,115
11605,Cookie Bat,1,2
2804,Cooling Device,82500,97000
7013,Coral Reef,2500,2950
20302,Costume Beelzebub Crown,920000,1080000
19992,Costume Chilly Breath,11040000,12960000
19973,Costume Circlet Of Bones,4600000,5400000
19963,Costume Driver Band(Red),1840000,2160000
19964,Costume Driver Band(Yellow),2300000,2700000
19971,Costume Dying Swan,1840000,2160000
19537,Costume Gryphon Hat,13800000,16200000
19762,Costume Happy Peace Proof,10222000,12000000
19968,Costume Magic Stone Hat,4599500,5399500
19966,Costume Minstrel Song's Hat,9200000,10800000
19962,Costume Mitra,2760000,3240000
19972,Costume Protect Of Crown,6900000,8100000
19961,Costume Rune Circlet,4600000,5400000
19982,Costume Santa Hat,13800000,16200000
19905,Costume Secret Bandana,9200000,10800000
19965,Costume Shadow Handicraft,1840000,2160000
19970,Costume Wind Whisper,1840000,2160000
2301,Cotton Shirt,3050,3600
2302,Cotton Shirt,16500,19500
973,Counteragent,180500,212000
13003,Cowardice Blade,43000,50500
13004,Cowardice Blade,32500,38000
733,Cracked Diamond,4600,5400
4040,Creamy Card,3172000,3723500
18111,Creeper Bow,46000,54000
1466,Crescent Scythe,2423000,2844000
7356,Crest Piece,19500,22500
7357,Crest Piece,7200,8450
7358,Crest Piece,5300,6250
7359,Crest Piece,6600,7750
13102,Crimson Bolt,16500,19000
13103,Crimson Bolt,16500,19000
1939,Crimson Violin,2760000,3240000
2469,Crismons Shoes,3680000,4320000
24032,Critical Hit Shadow Weapon,1,2
2616,Critical Ring,62000,72500
24030,Critital Shadow Armor,1,2
1647,Croce Staff,819000,961500
5036,Cross Hat,8479500,9954500
2130,Cross Shield,1616500,1897500
1710,Crossbow,14000,16500
1711,Crossbow,14000,16500
1754,Crystal Arrow,34,48
12012,Crystal Arrow Quiver,18000,21500
991,Crystal Blue,17500,20500
747,Crystal Mirror,9200,10500
2407,Crystal Pumps,469000,550500
1045,Cultish Masque,755,1000
1761,Cursed Arrow,33,45
1241,Cursed Dagger,66000,77500
1741,Cursed Lyre,177000,207500
12020,Cursed Water,1800,2100
13405,Curved Sword,556000,653000
28381,Cute Grass Necklace,11040000,12960000
2250,Cute Ribbon,380,515
596,Cute Strawberry-Choco,7350,8600
1204,Cutter,1000,1200
1205,Cutter,1000,1200
1206,Cutter,4850,5700
13152,Cyclone,14000,17000
12620,D Grade Coin Bag,17,24
901,Daenggie,6300,7400
1214,Dagger,22500,26500
1242,Dagger of Counter,99000,116500
13038,Dagger of Hunter,6087500,7146500
1226,Damascus,102500,120500
5104,Dark Blinder,4646000,5454000
18002,Dark Cannon Ball,130,175
7157,Dark Mask,49000,57500
4468,Dark Pinguicula Card,6440000,7560000
4171,Dark Priest Card,123000,144500
979,Darkgreen Dyestuffs,215000,252500
7836,Dawn Essence,1,2
2005,Dea Staff,7973000,9360000
604,Dead Branch,42,58
1643,Dead Tree Cane,1148000,1347500
631,Deadly Noxious Herb,20500,24000
13192,Death Fire,1035000,1215000
957,Decayed Nail,180,245
7266,Denture from Dragon Mask,1650,1950
4397,Despero of Thanatos Card,4600000,5400000
7069,Destroyed Armor,1600,1900
13160,Destroyer,91000,106500
13161,Destroyer,91000,106500
1051,Detonator,1350,1600
971,Detrimindexta,38000,44500
630,Dew Laden Moss,21000,25000
24037,Dexterous Shadow Armor,1,2
24043,Dexterous Shadow Weapon,1,2
2613,Diamond Ring,37000,43500
2366,Divine Cloth,215000,252500
2001,Divine Cross,11960000,14040000
1370,Doom Slayer,2275000,2670500
1371,Doom Slayer,833500,978500
2527,Dragon Breath,2037000,2391000
12080,Dragon Breath Cocktail,133000,156000
2553,Dragon Manteau,8026000,9421500
7123,Dragon Skin,630,860
1037,Dragon Tail,795,1050
2399,Dragon Vest,4816000,5653500
1724,Dragon Wing,2195000,2577000
4069,Drainliar Card,247000,290000
13157,Drifter,66000,77500
4421,Drosera Card,1452500,1705000
7264,Dry Sand,950,1100
1287,Durga,5421000,6363500
13153,Dusk,19000,22500
2515,Eagle Wing,276500,324500
2602,Earring,92000,108000
2622,Earring,24500,29000
6515,Earth Amulet,85,115
1732,Earth Bow,905500,1063000
4279,Earth Deleter Card,1241500,1457500
4118,Earth Petite Card,607000,712500
1055,Earthworm Peeling,170,230
623,Earthworm the Dude,14000,16500
15014,Ebon Armor,33000,38500
7220,Ectoplasm,920,1050
581,Edible Mushroom,675,915
7200,Elastic Band,7000,8250
1040,Elder Pixie's Moustache,5150,6050
4052,Elder Willow Card,278500,327000
1972,Electric Eel,104000,122000
1820,Electric Fist,76000,89000
1913,Electric Guitar,11506500,13507500
1971,Electric Wire,47000,55000
6510,Elegant Flower,255,345
12114,Elemental Converter,9050,10500
12115,Elemental Converter,8700,10000
12116,Elemental Converter,8500,9950
12117,Elemental Converter,9200,10500
985,Elunium,242000,284000
1773,Elven Arrow,5,7
1746,Elven Bow,13181000,15473500
2286,Elven Ears,7162500,8408000
7142,Embryo,8,12
721,Emerald,19000,22000
714,Emperium,1,3
713,Empty Bottle,225,305
1011,Emveretarcon,765,1000
28200,End Of The Horizon,2235500,2624000
1393,End Sectora,46000,54000
15066,Engraved Plate Armor,82500,97000
1637,Eraser,9119500,10705500
16000,Erde,10514000,12342500
1615,Evil Bone Wand,127000,149500
4141,Evil Druid Card,2573500,3021000
1671,Evil Slayer Vanquisher Staff,9200000,10800000
2255,Evil Wing,5690000,6679500
2129,Exorcism Bible,303500,356000
6213,Explosive Powder,3650,4300
1697,Exquisite Yellow Foxtail Model,165500,194000
2614,Eye of Dullahan,724500,850500
5617,F Hibiscus,4600000,5400000
5628,F Pecopeco Hairband,10120000,11880000
1104,Falchion,1200,1450
1105,Falchion,1200,1450
2516,Falcon Muffler,24500,29000
1745,Falken Blitz,662500,777500
2207,Fancy Flower,6800,7950
1063,Fang,750,1000
632,Fatty Chubby Earthworm,9550,11000
949,Feather,425,575
5170,Feather Beret,24500,29000
13259,Fell Poison Kunai,415,565
7187,Festival Mask,805,1050
5014,Fin Helm,276000,324000
1811,Finger,48000,56000
1812,Finger,48000,56000
1752,Fire Arrow,170,230
12008,Fire Arrow Quiver,14000,16500
1133,Fireblend,2135500,2507000
1249,Fisherman's Dagger,8250,9700
1807,Fist,43500,51500
1808,Fist,43500,51500
1510,Flail,13000,15500
1511,Flail,13000,15500
1129,Flamberge,49500,58000
1149,Flamberge,49500,58000
994,Flame Heart,15500,18500
2542,Flame Manteau of Naght Sieger,608500,714500
2139,Flame Thrower,16500,19000
13223,Flare Sphere,845,1100
1760,Flash Arrow,365,495
7325,Flexible Tube,425,580
4080,Flora Card,49000,57500
712,Flower,1,2
2215,Flower Band,643000,754500
13313,Flower Huuma Shuriken,82500,97000
2612,Flower Ring,1200,1450
914,Fluff,725,980
601,Fly Wing,105,145
7021,Foolishness of the Blind,34500,40500
660,Forbidden Red Candle,6358500,7464000
2320,Formal Suit,1285500,1509000
706,Four Leaf Clover,50000,58500
2171,Fox Wrist Guard,33000,38500
7094,Fragment,1400,1650
13217,Freezing Bullet,4,6
579,Fresh Fish,790,1050
28380,Fresh Grass Necklace,8280000,9720000
5124,Fricca's Circlet,72000,84500
2417,Fricco's Shoes,24500,29000
12070,Fried Scorpion Tails,58500,69000
1759,Frozen Arrow,190,260
1731,Frozen Bow,1089000,1278500
749,Frozen Rose,28500,33500
25297,Frozen Stone Fragment,1,2
12063,Fruit Mix,13500,16000
2317,Full Plate,66000,77500
1474,Gae Bolg,1005000,1179500
1143,Gaia Sword,6965500,8177000
1967,Gaia Whip,47000,55500
1714,Gakkung Bow,34500,40500
1716,Gakkung Bow,34500,40500
5111,Galapago Cap,910500,1069000
4152,Galapago Card,919500,1079500
5918,Gambler's Seal,1,2
2265,Gangster Mask,419000,492000
910,Garlet,1300,1500
718,Garnet,2750,3200
13104,Garrison,823500,967000
13105,Garrison,39500,46500
5005,Gas Mask,183000,215000
13156,Gate Keeper,46000,54000
13167,Gate Keeper-DD,301000,353500
2161,Geffenia Tomb of Water,46000,54000
1414,Gelerdria,1435000,1684500
17082,Gemi Diadem Scroll,17,24
1629,Gentleman's Staff,3837500,4505000
2274,Ghost Bandana,460000,540000
5063,Giant Band Aid,451000,529500
18110,Giant Crossbow,46000,54000
2160,Giant Shield,46000,54000
12396,Gift Box?,21000,25000
12537,Gift Chocolate Basket,184000,216000
13002,Ginnungagap,1840000,2160000
1558,Girl's Diary,1200,1450
22746,Glaciation Shot Cartridge,5500,6450
1220,Gladius,237000,278500
1454,Glaive,16500,19000
1455,Glaive,17000,20000
746,Glass Bead,1000,1150
7152,Glossy Hair,4700,5500
2604,Glove,24500,29000
2624,Glove,24500,29000
4150,Goat Card,125000,146500
2297,Goblin Mask,61000,72000
2652,Goddess of Fortune's Cursed Brooch,678000,796000
2225,Goggles,82500,96500
2354,Goibne's Armor,283500,333000
2419,Goibne's Greaves,506500,595000
5128,Goibne's Helm,505500,593500
2520,Goibne's Spaulders,24500,29000
969,Gold,642000,753500
13106,Gold Lux,82500,97000
2610,Gold Ring,24000,28000
2246,Golden Gear,1790000,2101500
1060,Golden Hair,14000,16500
1524,Golden Mace,1380000,1620000
2859,Golden Rod Orb,13800000,16200000
2467,Golden Rod Shoes,9200000,10800000
1528,Grand Cross,7236000,8494500
4161,Grand Peco Card,738500,867000
514,Grape,2850,3350
940,Grasshopper's Leg,380,515
16732,Gray Deviruchi Hat Box,17,24
1364,Great Axe,3942000,4627500
1707,Great Bow,8250,9700
1708,Great Bow,8250,9700
997,Great Nature,6350,7450
2412,Greaves,44500,52000
1916,Green Acre Guitar,167000,196000
7445,Green Bijou,6250,7350
2298,Green Feeler,143000,168000
511,Green Herb,11500,13500
10015,Green Lace,6450,7550
993,Green Live,1450,1700
15044,Green Surgical Gown,46000,54000
1930,Green Whistle,875000,1027500
7664,Grenade Launcher,25,35
5021,Grief for Greed,1093000,1283000
1237,Grimtooth,2629000,3086000
1056,Grit,1150,1350
12414,Guarana Candy,9100,10500
2101,Guard,380,515
2102,Guard,380,515
1369,Guillotine,4600000,5400000
1291,Guillotine Katar,46000,54000
1451,Guisarme,10500,12500
1452,Guisarme,5950,7000
1912,Gumoongoh,411500,483000
6244,Gun Powder,1200,1400
1413,Gungnir,6203000,7282000
1733,Gust Bow,920000,1080000
1123,Haedonggum,41000,48500
13014,Hakujin,52500,62000
13015,Hakujin,27500,32000
1464,Halberd,720500,846000
2282,Halo,11000,12500
1354,Hammer,12500,15000
1355,Hammer,12500,15000
1005,Hammer of Blacksmith,1,3
1009,Hand of God,1,3
559,Hand-made Chocolate,3250,3850
7345,Handcuffs,6450,7600
560,Handmade White Chocolate,2300,2700
24049,Hard Earring (Shadow),1,2
24028,Hard Shadow Armor,1,2
6022,Hard Skin,750,1000
1561,Hardcover Book,414000,486000
1909,Harp,51000,60000
1910,Harp,62000,72500
1926,Harp of Nepenthes,506000,594000
4325,Harpy Card,368000,432500
2220,Hat,765,1000
2221,Hat,765,1000
1815,Hatii Claw,599000,703500
7838,Hazy Starlight,1,2
24033,Healing Shadow Weapon,1,2
950,Heart of Mermaid,825,1100
13258,Heat Wave Kunai,420,570
13120,Heaven's Feather & Hell's Fire,993500,1166000
2513,Heavenly Maiden Robe,385500,452500
1471,Hellfire,1323000,1553500
2228,Helm,36000,42500
2229,Helm,36000,42500
7209,Helm of Dullahan,1300,1550
15096,Hero Trade Mail,460000,540000
968,Heroic Emblem,388000,455500
2422,High Fashion Sandals,87500,102500
2409,High Heels,7000,8250
2432,High Heels,7000,8250
13257,High Wind Kunai,425,575
703,Hinalle,5250,6200
520,Hinalle Leaflet,1450,1700
1145,Holy Avenger,372500,437000
2110,Holy Guard,70000,82500
2327,Holy Robe,4752500,5579000
523,Holy Water,2900,3450
24056,Homers Shield (Shadow),1,2
518,Honey,2850,3350
7121,Honey Pot,1450,1700
2501,Hood,765,1000
2502,Hood,765,1000
4045,Horn Card,12352000,14500000
1825,Horn of Hillslion,1392000,1634000
6032,Horn of Hillslion,1000,1150
4103,Horong Card,2037500,2392000
1048,Horrendous Hair,615,830
958,Horrendous Mouth,4900,5800
19996,Horse King,4600000,5400000
2801,Hovering Booster,82500,97000
7212,Hung Doll,1800,2150
1718,Hunter Bow,52500,62000
1726,Hunter Bow,52500,62000
1774,Hunting Arrow,5,7
1422,Hunting Spear,5990000,7031500
13303,Huuma Blaze Shuriken,1120500,1315500
13304,Huuma Calm Mind,4142000,4862500
13301,Huuma Giant Wheel Shuriken,175000,205500
13300,Huuma Wing Shuriken,141000,165500
4035,Hydra Card,915500,1074500
1621,Hypnotist's Staff,73500,86000
1622,Hypnotist's Staff,78000,91500
2726,Icarus Wings,1657500,1946000
6513,Ice Amulet,42,58
6257,Ice Crystal,85,115
7066,Ice Cubic,1050,1250
1131,Ice Falchion,3158500,3708000
1230,Ice Pick,45692000,53638500
6256,Ice Piece,85,115
15420,Icefall Dress,4600,5400
1819,Icicle Fist,156000,183500
13255,Icicle Kunai,405,550
1966,Icicle Whip,251000,295000
1392,Ignus Steel,46000,54000
710,Illusion Flower,920,1050
25272,Illusion Gemstone,500,675
1757,Immaterial Arrow,770,1000
12014,Immaterial Arrow Quiver,1,3
1141,Immaterial Sword,2070000,2430000
929,Immortal Heart,2150,2500
12085,Immortal Stew,185500,218000
24027,Immune Shadow Armor,1,2
2390,Improved Tights,4171000,4896500
13162,Inferno,190000,223500
1261,Infiltrator,47000,55000
1266,Infiltrator,47000,55000
928,Insect Feeler,170,235
24042,Intelligent Shadow Earring,1,2
24036,Intelligent Shadow Pendant,1,2
1269,Inverse Scale,395500,464500
998,Iron,3250,3850
1770,Iron Arrow,9,13
2266,Iron Cain,117000,137500
18004,Iron Cannon Ball,68,93
1002,Iron Ore,1650,1950
11597,Iron Worm,8,12
2719,Iron Wrist,141500,166000
1483,Ivory Lance,2530000,2970000
1737,Ixion Wings,11279000,13240500
2303,Jacket,150,205
2304,Jacket,150,205
1255,Jamadhar,30500,36000
1401,Javelin,110,155
1402,Javelin,110,155
909,Jellopy,395,535
5002,Jewel Crown,890000,1045000
1142,Jeweled Sword,536000,629000
13008,Jitte,75000,88000
6719,Jitterbug's Tooth,8,12
1250,Jur,16000,18500
1251,Jur,16000,18500
11003,Kafra Legend Vol.1,12000,14000
1813,Kaiser Knuckle,7636000,8964000
13009,Kamaitachi,110000,129500
972,Karvodailnirol,53000,62000
1116,Katana,1650,1900
1117,Katana,1650,1900
1252,Katar,33500,39500
1253,Katar,33500,39500
1275,Katar of Frozen Icicle,37000,43500
1259,Katar of Piercing Wind,37000,43500
1278,Katar of Piercing Wind,37000,43500
1257,Katar of Quaking,37000,43500
1276,Katar of Quaking,37000,43500
1258,Katar of Raging Blaze,37000,43500
1277,Katar of Raging Blaze,37000,43500
1170,Katzbalger,667000,783500
7026,Key of Clock Tower,6450,7550
7027,Key of Underground,34000,40000
4136,Khalitzburg Card,1610500,1891000
13006,Khukri,226500,265500
24031,Kingbird's Shadow Weapon,1,2
1229,Kitchen Knife,2898000,3402000
2213,Kitty Band,598000,702000
1201,Knife,920,1050
1202,Knife,920,1050
1803,Knuckle Dusters,20500,24000
1804,Knuckle Dusters,20500,24000
1189,Krasnaya,8114000,9525500
1284,Krishna,8924000,10476000
1646,La'cryma Stick,1692500,1986500
1411,Lance,158000,186000
1649,Laphine Staff,431500,507000
1962,Lariat Whip,193500,227000
7096,Lava,1000,1200
2544,Leather of Tendrilion,276000,324000
1565,Ledger of Death,2552500,2996500
1559,Legacy of Dragon,352500,414000
2342,Legion Plate Armor,84500,99500
568,Lemon,1050,1250
976,Lemon Dyestuffs,155000,182000
7171,Leopard Skin,425,575
700,Level 1 Frost Diver,920,1050
688,Level 3 Cold Bolt,1850,2200
690,Level 3 Fire Bolt,765,1000
12001,Level 3 Heal,3100,3650
692,Level 3 Lightening Bolt,1100,1300
689,Level 5 Cold Bolt,2600,3050
687,Level 5 Earth Spike,4400,5200
697,Level 5 Fire Ball,2000,2350
691,Level 5 Fire Bolt,1800,2150
12000,Level 5 Frost Diver,4450,5200
12002,Level 5 Heal,1100,1300
695,Level 5 Soul Strike,1100,1250
7477,Level 6 Cookbook,55000,64500
7480,Level 9 Cookbook,920,1050
13170,Lever Action Rifle,157500,185000
24063,Liberation Shoes (Shadow),1,2
2716,Librarian Glove,300000,352000
1366,Light Epsilon,8211000,9639000
2864,Light Of Cure,6682000,7844000
1659,Light of Recovery,46000,54000
12144,Lightning Sphere Pack,1,3
1038,Little Evil Horn,1100,1250
7098,Live Coal,3900,4600
7201,Log,1050,1250
7019,Loki's Whispers,17,24
1915,Loner's Guitar,15500,18500
13163,Long Barrel,33000,38500
13164,Long Barrel,206500,242500
1420,Long Horn,1204500,1414500
1525,Long Mace,1483000,1740500
2344,Lucius's Fierce Armor of Volcano,112500,132000
2345,Lucius's Fierce Armor of Volcano,112500,132000
571,Lucky Candy Cane,360,490
24034,Lucky Shadow Weapon,1,2
2922,Luk Glove,62000,72500
1723,Luna Bow,825500,969500
1544,Lunakaligo,253500,297500
1504,Mace,1300,1550
1505,Mace,1300,1550
2334,Mage Coat,1042500,1223500
5027,Mage Hat,2645000,3105000
2131,Magic Bible Vol1,1113000,1307000
5138,Magic Eyes,4210500,4943000
16711,Magic Eyes Box,17,24
24021,Magical Earring (Shadow),1,2
12371,Magical Lithography,17,24
24023,Magical Pencil (Shadow),1,2
24022,Magical Weapon (Shadow),1,2
1693,Magical Yellow Foxtail Staff,165500,194000
5045,Magician Hat,427000,501000
4432,Magmaring Card,155000,182000
2805,Magnetic Field Generator,82500,97000
5122,Magni's Cap,69000,81000
1225,Mailbreaker,1801500,2115000
1207,Main Gauche,1950,2300
1208,Main Gauche,1950,2300
2256,Majestic Goat,13162000,15451000
1098,Manacles,3750,4400
1903,Mandolin,14500,17000
1904,Mandolin,14500,17000
6217,Mandragora Flowerpot,7200,8450
1032,Maneater Blossom,2100,2500
1033,Maneater Root,820,1100
2505,Manteau,26000,31000
4079,Mantis Card,1396000,1638500
2308,Mantle,8250,9700
4105,Marc Card,1437500,1687500
4112,Marduk Card,12873500,15112500
5141,Marionette Doll,1283500,1507000
522,Mastela Fruit,562500,660500
7035,Matchstick,85,115
4097,Matyr Card,6586500,7732000
2618,Matyr's Leash,93500,109500
517,Meat,38,52
7134,Medicine Bowl,70,96
4124,Medusa Card,516500,606500
2109,Memory Book,448500,526500
2121,Memory Book,920000,1080000
708,Ment,425,575
7095,Metal Fragment,13000,15500
2364,Meteo Plate Armor,1631000,1915000
1613,Mighty Staff,1380000,1620000
13078,Mikacheuki,33000,38500
519,Milk,21,29
13197,Mini Mei,1324500,1555000
12431,Minor Stew,1,2
2108,Mirror Shield,49500,58000
2532,Mithril Magic Cape,269500,316500
974,Mixture,135000,158500
554,Mochi,9200,10500
1018,Mole Claw,925,1050
2251,Monk Hat,241000,282500
626,Monster Juice,46000,54000
10002,Monster Oxygen Mask,17,24
1234,Moonlight Dagger,9013000,10580500
11520,Mora Mandar,46000,54000
6105,Morning Dew,17,24
1513,Morning Star,33500,39500
1514,Morning Star,33500,39500
2649,Morpheus's Bracelet,24500,29000
5126,Morpheus's Hood,24500,29000
2648,Morpheus's Ring,24500,29000
2518,Morpheus's Shawl,24500,29000
2650,Morrigane's Belt,24500,29000
5127,Morrigane's Helm,404000,474000
2519,Morrigane's Manteau,24500,29000
2651,Morrigane's Pendant,24500,29000
2288,Mr. Scream,17000,20000
2278,Mr. Smile,1100,1250
2503,Muffler,4100,4850
2504,Muffler,4100,4850
4106,Mummy Card,165000,193500
2264,Munak Hat,300500,353000
13012,Murasame,34500,40500
13013,Murasame,190500,224000
1176,Muscle Cutter,7327000,8601500
7292,Muscovite,134500,157500
921,Mushroom Spore,145,200
1769,Mute Arrow,285,390
1138,Mysteltainn,8009000,9402000
6220,Mysterious Dyestuff,1,2
12561,Mysterious Seed,46000,54000
18103,Mystic Bow,2970000,3486500
995,Mystic Frozen,24000,28500
12736,Mystic Rune,9200,10500
12246,Mystical Card Album,9200,10500
2578,Nab Hood,4600000,5400000
2887,Nab Ring,4600000,5400000
2478,Nab Shoes,9200000,10800000
15039,Nab's Cloth,4600000,5400000
13076,Nachal Sword,33000,38500
1130,Nagan,552000,648000
2603,Necklace,297000,349000
1007,Necklace of Wisdom,4600,5400
1095,Needle of Alarm,800,1050
7213,Needle Packet,8900,10000
1541,Nemesis,582500,683500
1740,Nepenthes Bow,2634500,3092500
4166,Nightmare Terror Card,152500,179500
2337,Ninja Suit,267500,314000
2359,Ninja Suit,8799500,10330000
941,Nose Ring,555,750
2628,Novice Armlet,305,410
1381,Novice Battle Axe,15500,18500
2340,Novice Breastplate,73500,86500
1742,Novice Composite Bow,15500,18500
13415,Novice Falchion,8050,9450
5055,Novice False Eggshell,41500,48500
1545,Novice Mace,8850,10000
2512,Novice Manteau,41000,48500
1639,Novice Rod,480,650
2113,Novice Shield,4100,4850
2416,Novice Shoes,28500,34000
2277,Nurse Cap,159000,187000
2353,Odin's Blessing,24500,29000
7002,Ogre Tooth,4100,4850
6216,Oil Bottle,1250,1500
603,Old Blue Box,72000,84500
637,Old Broom,13500,16000
616,Old Card Album,9200,10500
1006,Old Magicbook,1,3
617,Old Purple Box,394000,462500
7072,Old Shuriken,298500,350500
6287,Omni Clothing Dye,1,2
727,Opal,5500,6450
701,Ora Ora,80000,93500
582,Orange,1000,1150
980,Orange Dyestuffs,147000,172500
620,Orange Juice,9200,10500
502,Orange Potion,140,190
1043,Orc Claw,405,550
2299,Orc Helm,53000,62000
4085,Orc Skeleton Card,280500,329500
4066,Orc Warrior Card,3179500,3732500
922,Orc's Fang,270,370
1304,Orcish Axe,31500,37000
1124,Orcish Sword,358000,420500
931,Orcish Voucher,340,465
984,Oridecon,56000,66000
1765,Oridecon Arrow,145,195
1918,Oriental Lute,108500,127000
2123,Orleans's Server,3147000,3694500
10004,Pacifier,8350,9800
2313,Padded Armor,39500,46500
525,Panacea,9700,11000
2339,Pantie,765,1000
2371,Pantie,765,1000
5023,Parcel Hat,604000,709000
1457,Partizan,22000,26000
5060,Party Hat,323500,380000
4099,Pasana Card,15401500,18080000
722,Pearl,34500,40500
4031,Peco Peco Card,7131500,8372000
7101,Peco Peco Feather,6000,7050
537,Pet Food,680,920
643,Pet Incubator,4600,5400
12434,Petite Tail Noodles,1,2
6260,Petite's Tail,5750,6750
7290,Phlogopite,7850,9200
1010,Phracon,555,755
24018,Physical Earring (Shadow),1,2
24019,Physical Weapon (Shadow),1,2
7184,Piano Key,1,2
539,Piece of Cake,5000,5850
1626,Piercing Staff,4757500,5585000
1407,Pike,2850,3350
1408,Pike,2850,3350
1549,Pile Bunker,8250,9700
2287,Pirate Bandana,55000,64500
5501,Pirate's Pride,276000,324000
6109,Plant Neutrient,17,24
2122,Platinum Shield,8510000,9990000
2717,Pocket Watch,4906500,5760000
906,Pointed Scale,425,575
1763,Poison Arrow,55,75
678,Poison Bottle,68000,80000
7934,Poison Herb Makulata,1,2
7932,Poison Herb Nerium,1,2
7933,Poison Herb Rantana,4150,4850
7936,Poison Herb Scoporia,3650,4300
7935,Poison Herb Seratum,1,2
7033,Poison Spore,4100,4850
7154,Poisonous Powder,1300,1550
7155,Poisonous Toad Skin,4400,5150
1417,Pole Axe,925000,1086000
2289,Poo Poo Hat,38000,44500
4033,Poporing Card,36500,43000
4337,Porcellio Card,9087500,10668000
1027,Porcupine Quill,400,545
5035,Poring Hat,761000,893000
7144,Potion Creation Guide,61500,72000
924,Powder of Butterfly,340,460
24035,Power Shadow Earring,1,2
576,Prickly Fruit,50000,59000
1572,Principles of Magic,3499000,4107500
15012,Puente Robe,9900,11500
7225,Pumpkin Lantern,5300,6250
12192,Pumpkin Pie,2600,3050
10008,Punisher,46000,54000
4003,Pupa Card,1969000,2311500
740,Puppet,5100,6000
5118,Puppy Headband,176000,206500
12722,Pyrexia,37500,44000
1527,Quadrille,7399000,8686000
1970,Queen's Whip,983000,1154000
12004,Quiver,1150,1350
945,Raccoon Leaf,305,415
2508,Ragamuffin Manteau,46000,54000
622,Rainbow Carrot,2300,2700
1013,Rainbow Shell,810,1050
12104,Random Quiver,73500,86000
1110,Rapier,8250,9700
1111,Rapier,46000,54000
1016,Rat Tail,230,310
7447,Red Bijou,1150,1350
990,Red Blood,6000,7000
16010,Red Ether Bag,77000,90500
1965,Red Flame Whip,44000,51500
716,Red Gemstone,1600,1850
507,Red Herb,180,240
7216,Red Muffler,1800,2150
501,Red Potion,38,52
10019,Red Scarf,19500,23000
2700,Red Silk Seal,138000,162000
7456,Red Spice,635,860
16001,Red Square Bag,1167500,1370500
7034,Red Stocking,85,115
1630,Release of Wish,232000,272000
12394,Repair C,1250,1450
2807,Repair Kit,165500,194000
1721,Repeating Crossbow,73500,86500
907,Resin,715,970
24046,Resist Spell Power Pendant (Shadow),1,2
6598,Rib Of Jormungand,1,2
2209,Ribbon,610,825
564,Rice Ball,1800,2150
7272,Rice Ball Doll,425,575
550,Rice Cake,4800,5650
2529,Rider Insignia,971000,1140000
2601,Ring,214000,251500
2621,Ring,24500,29000
1122,Ring Pommel Saber,19500,23000
1125,Ring Pommel Saber,335500,394000
2343,Robe of Cast,103000,121000
2360,Robe of Cast,103000,121000
16033,Robot's Arm,24500,29000
1602,Rod,4650,5500
2620,Rogue's Treasure,8250,9700
1719,Roguemaster's Bow,9200000,10800000
13193,Rolling Thunder,1117500,1312000
2269,Romantic Flower,1690500,1984500
2270,Romantic Leaf,325500,382000
1950,Rope,2050,2400
1951,Rope,2050,2400
2148,Rosa Shield,633500,744000
2608,Rosary,12000,14500
2626,Rosary,12000,14500
624,Rotten Fish,31000,36000
7564,Rotten Meat,750,1000
739,Rouge,15500,18500
757,Rough Elunium,8200,9650
756,Rough Oridecon,465,630
996,Rough Wind,9900,11500
2147,Round Buckleer,269000,316000
6393,Round Feather,9200,10500
1096,Round Shell,4750,5600
4422,Roween Card,132000,155000
12128,Royal Cooking Kit,1153000,1354000
526,Royal Jelly,44000,51500
13421,Ruber,549000,644500
723,Ruby,485500,570000
1762,Rusty Arrow,22,32
625,Rusty Iron,42500,50000
1365,Sabbath,3716500,4363000
1127,Saber,349000,410000
2111,Sacred Mission,1013000,1189000
2128,Sacred Mission,105500,124000
5009,Safety Helmet,92000,108000
2615,Safety Ring,366500,430000
1560,Sage's Diary,11300000,13265000
2582,Salvage Cape,46000,54000
2401,Sandals,305,410
2402,Sandals,305,410
6454,Santa Bag,27500,32500
726,Sapphire,36000,42500
725,Sardonyx,44500,52500
24058,Satanic Shield (Shadow),1,2
6249,Savage Meat,85,115
936,Scale Shell,1750,2050
13027,Scalpel,149000,175000
2324,Scapulare,5350,6300
4505,Scaraba Card,13120000,15402000
12806,Scaraba Scroll,17,24
975,Scarlet Dyestuffs,161000,189000
1167,Schweizersabel,834500,980000
1178,Schweizersabel,11337000,13308500
1113,Scimitar,14000,16500
1114,Scimitar,14000,16500
7125,Scorpion Claw,300,405
904,Scorpion Tail,450,615
12108,Scroll Package,32000,37500
6423,Sea God's Wrath,17,24
1973,Sea Witch's Foot,23500,28000
1821,Seismic Fist,3342500,3924000
24068,Seraphim Shoes (Shadow),1,2
12122,Sesame Pastry,31000,36500
2408,Shackles,78000,92000
12013,Shadow Arrow Quiver,18000,21500
7524,Shadow Orb,305,415
2426,Shadow Walk,171500,201500
2803,Shape Shifter,82500,97000
1764,Sharp Arrow,41,57
7112,Sharp Paper,1350,1550
963,Sharp Scale,920,1050
1260,Sharpened Legbone of Ghoul,460000,540000
2570,Shawl Of Judgement,5802000,6811000
2106,Shield,46000,54000
2134,Shield of Naga,165000,194000
954,Shining Scale,920,1050
640,Shining Stone,16000,19000
2654,Shinobi Sash,37500,44000
12357,Shiny Wing Gown,17,24
2403,Shoes,2850,3400
2404,Shoes,2850,3400
2472,Shoes Of Judgement,13800000,16200000
711,Shoot,590,800
1094,Short Daenggie,3000,3500
7196,Shoulder Protector,490,665
4117,Sidewinder Card,5126000,6017500
11549,Siege Blue Potion,6400,7550
12680,Siege Blue Potion Box,46000,54000
11548,Siege White Potion,5500,6450
12679,Siege White Potion Box,27500,32000
2322,Silk Robe,6600,7750
1751,Silver Arrow,6,10
13221,Silver Bullet,4,6
2146,Silver Guard,10000,12000
638,Silver Knife of Chastity,345000,405000
2611,Silver Ring,16500,19000
2332,Silver Robe,5750,6800
2333,Silver Robe,5750,6800
629,Singing Flower,255,345
707,Singing Plant,845,1100
1052,Single Cell,380,515
13101,Six Shooter,3700,4350
4092,Skeleton Worker Card,1192500,1400000
6603,Skin Of Hraesvelg,1,2
1968,Skipping Rope,261000,306500
2609,Skull Ring,8250,9700
4158,Sky Deleter Card,439500,516000
1526,Slash,8680500,10190500
1367,Slaughter,8720000,10236500
1152,Slayer,12000,14500
1768,Sleep Arrow,515,695
7111,Slick Paper,595,805
6188,Slotting Advertisement,17,24
12017,Slow Potion,13500,16000
12353,Small Bottle,18000,21000
6319,Small Bradium,44000,52000
5085,Small Ribbons,828000,972000
1507,Smasher,7450,8700
1508,Smasher,23000,27000
6214,Smoke Powder,1350,1600
4044,Smokie Card,2032000,2385500
12057,Smooth Noodle,5650,6650
926,Snake Scale,105,140
2367,Sniping Suit,2508500,2945000
25299,Snowball,1,2
661,Soft Apron,822500,965500
4100,Sohee Card,4342000,5097500
1136,Solar Sword,3680000,4320000
4086,Soldier Skeleton Card,1087500,1277000
943,Solid Shell,415,565
1472,Soul Staff,4597000,5396500
28201,Southern Cross,2318000,2721500
12426,SP Increase Potion (Medium),31000,36500
908,Spawn,170,230
1404,Spear,1400,1650
1405,Spear,1400,1650
15053,Special Ninja Suit,8250,9700
15056,Special Ninja Suit,8250,9700
1264,Specialty Jur,5750000,6750000
1477,Spectral Spear,1577000,1851500
1479,Spectral Spear,4168500,4893500
12016,Speed Potion,33500,39500
5053,Sphinx Hat,2120000,2488500
7455,Spicy Sauce,920,1050
1523,Spike,2453000,2880000
25298,Spirit Jewel,1,2
6600,Spirit Of Munin,1,2
2677,Spiritual Ring,398500,468000
12539,Splendid Box,17,24
7217,Spool,2300,2700
4022,Spore Card,516500,606500
743,Spore Doll,72500,85500
2387,Sprint Mail,1224000,1437000
2440,Sprint Shoes,663500,778500
1024,Squid Ink,795,1050
1607,Staff,7850,9200
1608,Staff,7850,9200
1648,Staff Of Bordeaux,1395500,1638500
2000,Staff of Destruction,5249500,6163000
4223,Stalactic Golem Card,112000,131500
1000,Star Crumb,4900,5750
1148,Star Dust Blade,18000,21500
12087,Steamed Alligator with Vegetable,18000,21500
12051,Steamed Crab Nippers,17000,20000
999,Steel,5650,6650
1753,Steel Arrow,28,40
12006,Steel Arrow Quiver,1,3
2294,Stellar,55000,64500
1979,Stem of Nepenthes,291000,342000
4224,Stem Worm Card,92000,108000
938,Sticky Mucus,585,795
918,Sticky Webfoot,5950,7000
1216,Stiletto,16000,18500
1217,Stiletto,16000,18500
959,Stinky Scale,425,575
1756,Stone Arrow,27,37
12011,Stone Arrow Quiver,16000,19000
2114,Stone Buckler,24500,29000
7067,Stone Fragment,4500,5300
12040,Stone of Sage,485500,570500
578,Strawberry,10500,12500
7772,String,1,2
1805,Studded Knuckles,26000,31000
1806,Studded Knuckles,26000,31000
1758,Stun Arrow,17,24
1522,Stunner,49500,58000
1236,Sucsamad,937000,1100000
2802,Suicidal Device,414000,486000
12330,Summon Female GameMaster Scroll,1,2
12329,Summon Male GameMaster Scroll,1,2
2253,Sunflower,315000,369500
2201,Sunglasses,4100,4850
5112,Super Novice Hat,7000,8250
5119,Super Novice Hat,97000,114000
22043,Supplement Part Agi,20500,24000
20732,Supplement Part Con,20500,24000
2995,Supplement Part Dex,20500,24000
15110,Supplement Part Str,20500,24000
13201,Surplus Silver Bullet,10,14
2509,Survivor's Manteau,16500,19000
1617,Survivor's Rod (Dex),70000,82500
1618,Survivor's Rod (Dex),70000,82500
1619,Survivor's Rod (Int),70000,82500
627,Sweet Milk,28500,33500
633,Sweet Potato,17,24
1101,Sword,76,100
1102,Sword,76,100
13311,Sword Huuma Shuriken,4100,4850
1516,Sword Mace,41000,48500
1517,Sword Mace,41000,48500
1224,Swordbreaker,2024000,2376000
4089,Swordfish Card,330000,387500
1552,Tablet,42000,49500
1181,Tae Goo Lyeon,3087000,3624000
7221,Tangled Chains,3600,4200
12395,Tantan Noodle,17,24
11609,Tasty Cookie Egg,1,2
6215,Tear Gas,2750,3200
4340,Teddy Bear Card,6440000,7560000
13198,Tempest,1821500,2138000
2499,Temporal Boots,305,410
6607,Temporal Crystal,17,24
1050,Tendon,3050,3600
7159,Tengu Nose,6250,7350
4058,Thara Frog Card,3550500,4168000
2335,Thief Clothes,61000,71500
2336,Thief Clothes,61000,71500
18109,Thief Crossbow,46000,54000
7443,Three-Headed Dragon's Head,9150,10500
13168,Thunder P,62500,73500
13169,Thunder P,29000,34500
13315,Thunderstorm Huuma Shuriken,82500,97000
2424,Tidal Shoes,111500,131000
7267,Tiger Panty,920,1050
2330,Tights,58500,69000
2331,Tights,58500,69000
1139,Tirfing,9568000,11232000
1368,Tomahawk,3864000,4536000
13028,Tooth Blade,158500,186000
728,Topaz,3200,3750
7117,Torn Magic Book,7350,8600
1146,Town Sword,34500,40500
1147,Town Sword,108500,127500
7165,Transparent Celestial Robe,1100,1250
10003,Transparent Head Protector,17,24
7352,Transparent Plate,23000,27000
7353,Transparent Plate,23000,27000
7354,Transparent Plate,23000,27000
7355,Transparent Plate,23000,27000
1065,Trap,55,75
7444,Treasure Box,596000,700000
1460,Trident,42000,49500
1120,Tsurugi,42000,49500
967,Turtle Shell,580,785
1360,Two-Handed Axe,45500,53000
1361,Two-Handed Axe,651000,764000
6323,Two-Horned Helmet,46000,54000
2531,Ulfhedinn,511500,600500
2522,Undershirt,70000,82500
2523,Undershirt,16500,19000
1263,Unholy Touch,131500,154500
2257,Unicorn Horn,20500,24500
12580,Universal Catalog Silver,9200,10500
619,Unripe Apple,76500,90000
15111,Upgrade Part - Plate,4600000,5400000
4183,Vagabond Wolf Card,2600500,3053000
7510,Valhalla's Flower,37311500,43801000
2517,Vali's Manteau,24500,29000
2524,Valkyrian Manteau,868500,1019500
2421,Valkyrian Shoes,1867500,2192000
2115,Valkyrja's Shield,24500,29000
4411,Vanberk Card,2105000,2471000
2423,Variant Shoes,4157000,4880000
1311,Vecer Axe,1042500,1224000
1832,Vellum Claw,460000,540000
937,Venom Canine,1800,2150
4107,Verit Card,1016000,1192500
12360,Very Red Juice,17,24
1384,Veteran Axe,8250,9700
1548,Veteran Hammer,8250,9700
1188,Veteran Sword,8250,9700
13328,Vicious Mind Huuma Shuriken,13800000,16200000
2418,Vidar's Boots,24500,29000
15176,Vigilante Suit,13340000,15660000
981,Violet Dyestuffs,174000,204500
1901,Violin,3300,3850
1902,Violin,3300,3850
2450,Vital Tree Shoes,2322000,2726000
4053,Vitata Card,16688000,19590000
1801,Waghnak,6600,7750
1802,Waghnak,6600,7750
1604,Wand,2050,2400
1605,Wand,2050,2400
1614,Wand of Occult,62000,73000
6469,Warrior's Will,920,1050
13107,Wasteland's Outlaw,2024000,2376000
13314,Wave Huuma Shuriken,82500,97000
2206,Wedding Veil,19000,22000
13047,Weihna,1678000,1969500
2292,Welding Mask,460000,540000
538,Well-baked Cookie,8700,10000
628,Well-Dried Bone,849000,997000
7076,Wheel of the Unknown,1,2
1953,Whip,9900,11500
1980,Whip of Balance,129500,152000
4102,Whisper Card,14311000,16800000
561,White Chocolate,3950,4650
982,White Dyestuffs,459500,539500
509,White Herb,750,1000
7568,White Mask,2900,3400
504,White Potion,920,1050
6247,White Powder,510,690
1268,Wild Beast Claw,439000,515500
7340,Will of the Darkness,980,1150
12010,Wind Arrow Quiver,12500,15000
992,Wind of Verdure,21500,25500
1307,Windhawk,14500,17000
7064,Wing of Dragonfly,920,1050
7006,Wing of Red Bat,775,1050
1616,Wing Staff,2645000,3105000
24050,Wise Earring (Shadow),1,2
1061,Witched Starsand,2550,3000
6086,Withered Flower,10000,12000
748,Witherless Rose,37000,43500
2252,Wizard Hat,664000,779500
1473,Wizardry Staff,7437500,8731000
2329,Wooden Mail,11500,13500
2528,Wool Scarf,633000,743500
4034,Wormtail Card,351000,412000
618,Worn Out Scroll,12000,14500
7153,Worn-out Kimono,5500,6450
7099,Worn-out Magic Scroll,81000,95500
1099,Worn-out Prison Uniform,4500,5300
4190,Wraith Card,1479000,1736000
1531,Wrench,5184500,6086500
549,Yam,7850,9250
7448,Yellow Bijou,3750,4400
715,Yellow Gemstone,2050,2450
508,Yellow Herb,435,595
503,Yellow Potion,365,495
6246,Yellow Powder,1450,1700
5192,Yellow Ribbon,610,825
607,Yggdrasil Berry,230500,270500
610,Yggdrasil Leaf,5500,6450
608,Yggdrasil Seed,107000,126000
4051,Yoyo Card,3011000,3534500
942,Yoyo Tail,360,490
1044,Zenorc's Fang,1150,1350
1468,Zephyrus,4600000,5400000
4064,Zerom Card,20240000,23760000
4281,Zipper Bear Card,3490000,4097000
729,Zircon,15500,18000
4038,Zombie Card,665500,781000
1168,Zweihander,7306500,8577000
