mob,item,rate
ORC_ARCHER,Dustwalker_Rifle,20
ORC_ARCHER,Dustwalker_Hat,40
OBSIDIAN,Dustwalker_Grenade,20
OBSIDIAN,Dustwalker_Coat,40
REMOVAL,Dustwalker_Shotgun,20
REMOVAL,Dustwalker_Poncho,40
MINERAL,Dustwalker_Gatling,20
MINERAL,Dustwalker_Boots,40
BREEZE,Dustwalker_Revolver,20
BREEZE,Dustwalker_Badge,40
APOCALIPS,Bounty_Gatling,15
APOCALIPS,Bounty_Coat,25
GIG,Bounty_Grenade,15
GIG,Bounty_Boots,25
GOBLIN_LEADER,Bounty_Shotgun,15
GOBLIN_LEADER,Bounty_Hat,25
FRUS,Bounty_Revolver,15
FRUS,Bounty_Poncho,25
SKOGUL,Bounty_Rifle,15
SKOGUL,Bounty_Badge,25
VENATU_2,Outlaw_Gatling,10
VENATU_2,Outlaw_Coat,20
DIMIK_3,Outlaw_Grenade,10
DIMIK_3,Outlaw_Boots,20
ARCHDAM,Outlaw_Shotgun,10
ARCHDAM,Outlaw_Poncho,20
SHECIL,Outlaw_Rifle,10
SHECIL,Outlaw_Hat,20
HARWORD,Outlaw_Revolver,10
HARWORD,Outlaw_Badge,20
B_SHECIL,Hellfire_Rifle,200
B_SHECIL,Hellfire_Hat,400
KIEL_,Hellfire_Gatling,200
KIEL_,Hellfire_Coat,400
RSX_0806,Hellfire_Grenade,200
RSX_0806,Hellfire_Boots,400
B_HARWORD,Hellfire_Shotgun,200
B_HARWORD,Hellfire_Poncho,400
B_SEYREN,Hellfire_Revolver,200
B_SEYREN,Hellfire_Badge,400
