Era,Id,Map,Type,Name,Level,Band,Hops,Fee,Kills,Item1,Item2,Item3
pre-re,1,prt_fild11,Field,Goblin forest,25,,2,800,60,5x Cyfar (Goblin Steamrider 38.8%)
pre-re,2,prt_maze03,Dungeon,Labyrinth 3,29,,4,1900,150,19x Mantis Scythe (Mantis 90%)
pre-re,3,iz_dun02,Dungeon,Byalan 3,23,,4,1900,150,28x Squid Ink (Marse 90%),2x Fin (Obeaune 5%)
pre-re,4,pay_fild07,Field,Willow / Bigfoot,18,,2,800,60,21x Resin (Elder Willow 90%)
pre-re,5,pay_dun02,Dungeon,Payon Cave 3,23,,2,1100,150,31x Daenggie (Munak 90%)
pre-re,6,moc_pryd04,Dungeon,Pyramid 4,43,,5,2450,150,35x Scale Shell (Isis 53.35%),1x Cracked Diamond (Isis 1.5%)
pre-re,7,in_sphinx3,Dungeon,Sphinx 3,40,,4,1900,150,47x Cultish Masque (Marduk 43.65%)
pre-re,8,gef_dun02,Dungeon,Geffen Dungeon 3,40,,3,1500,150,24x Horseshoe (Nightmare 60%),1x Little Evil Wing (Deviruchi 4%)
pre-re,9,gl_prison1,Dungeon,Prison 2,55,,7,2950,150,30x Brigan (Injustice 53.35%),2x Steel (Injustice 3%)
pre-re,10,gl_sew02,Dungeon,Sewer 2,50,,6,2400,150,15x Claw of Rat (Cramp 46.56%),6x Little Evil Wing (Gargoyle 5%)
pre-re,11,gl_knt02,Dungeon,Knight Hall 2,58,,6,2400,150,43x Brigan (Raydric 48.5%)
pre-re,12,mjolnir_10,Field,Argos,23,,3,1050,60,21x Cobweb (Argos 90%)
pre-re,13,mjolnir_05,Field,Argiope,28,,2,800,60,13x Bug Leg (Argiope 53.35%)
pre-re,14,mjo_dun03,Dungeon,Coal Mine 3,32,,3,1650,150,49x Lantern (Skeleton Worker 55%)
pre-re,15,c_tower3,Dungeon,Clock Tower 3F,58,,3,2350,150,69x Needle of Alarm (Alarm 53.35%)
pre-re,16,alde_dun03,Dungeon,Clock Tower B3,47,,3,2000,150,52x Tentacle (Penomena 80%),1x Emveretarcon (Drainliar 0.6%)
pre-re,17,cmd_fild04,Field,Sea Otter / Aster,29,,2,800,60,5x Feather of Birds (Raggler 50%)
pre-re,18,cmd_fild03,Field,Anolian / Alligator,51,,3,1050,60,21x Solid Shell (Anolian 53.35%)
pre-re,19,um_fild03,Field,Parasite,45,,3,1050,60,22x Sprout (Parasite 55%)
pre-re,20,yuno_fild02,Field,Sleeper / Beetle King,22,,3,1050,60,10x Solid Husk (Beetle King 65%)
pre-re,21,yuno_fild08,Field,Grand Peco,42,,3,1050,60,14x Peco Peco Feather (Grand Peco 48.5%)
pre-re,22,mag_dun02,Dungeon,Magma 2,66,H,4,2300,250,62x Dragon Canine (Deleter 53.35%),34x Burning Horseshoe (Nightmare Terror 49.47%)
pre-re,23,juperos_02,Dungeon,Juperos 2,74,H,6,2200,250,39x Rusty Screw (Venatu 20%),30x Metal Fragment (Apocalypse 53.35%)
pre-re,24,nif_fild01,Field,Niflheim field,52,,2,800,60,12x Red Muffler (Disguise 48.5%)
pre-re,25,ein_fild06,Field,Holden / Goat,44,,2,800,60,17x Empty Bottle (Goat 50%)
pre-re,26,ein_dun02,Dungeon,Einbroch Mine 2,60,,2,2100,150,15x Crystal Fragment (Mineral 30%),2x Coal (Obsidian 5%)
pre-re,27,lhz_fild03,Field,Breeze / Stem Worm,27,,2,800,60,10x Tough Scalelike Stem (Stem Worm 53.35%)
pre-re,28,hu_fild04,Field,Novus,41,,4,1300,60,11x Dragon Scale (Petite 53.35%)
pre-re,29,odin_tem02,Dungeon,Odin Temple 2,61,,3,2150,150,37x Rune of Darkness (Frus 35%),2x Rouge (Skogul 5%)
pre-re,30,ra_fild05,Field,Hill Wind / Kobold,46,,3,1050,60,17x Harpy Feather (Hill Wind 40%)
pre-re,31,ice_dun03,Dungeon,Ice Cave 3,54,,8,2300,150,50x Ice Cubic (Ice Titan 30%),1x Frozen Rose (Ice Titan 1%)
pre-re,32,ve_fild03,Field,Sandman / Magmaring,28,,6,1800,60,18x Grit (Sandman 53.35%)
pre-re,33,thor_v03,Dungeon,Thor Volcano 3,88,H,9,2950,250,60x Burning Heart (Salamander 30%),20x Burning Hair (Kasa 25%)
pre-re,34,gon_dun03,Dungeon,Kunlun 3,52,,3,2150,150,27x Transparent Celestial Robe (Evil Nymph 39.77%)
pre-re,35,lou_dun03,Dungeon,Louyang 3,57,,3,2300,150,23x Denture from Dragon Mask (Zhu Po Long 43.65%),2x Munak Doll (Yao Jun 3%)
pre-re,36,ama_dun02,Dungeon,Amatsu 2,45,,3,1650,150,40x Poisonous Toad Skin (Poison Toad 55%)
pre-re,37,ayo_dun02,Dungeon,Ayothaya 2,49,,4,1750,150,52x Tassel (Tamruan 48.5%)
pre-re,38,mosk_dun02,Dungeon,Moscovia 2,43,,2,1300,150,19x Strong Branch (Wood Goblin 40%),1x Pellet (Baba Yaga 1.5%)
re,1,prt_fild11,Field,Goblin forest,54,,2,800,60,5x Cyfar (Goblin Steamrider 19.4%)
re,2,prt_maze03,Dungeon,Labyrinth 3,57,,4,2300,150,25x Sticky Mucus (Poporing 60%)
re,3,iz_dun02,Dungeon,Byalan 3,46,,4,2000,150,15x Conch (Cornutus 27.5%),3x Solid Shell (Cornutus 5%)
re,4,pay_fild07,Field,Willow / Bigfoot,27,,2,800,60,18x Bear's Footskin (Bigfoot 45%)
re,5,pay_dun02,Dungeon,Payon Cave 3,45,,2,1650,150,16x Skel-Bone (Soldier Skeleton 27.5%)
re,6,moc_pryd04,Dungeon,Pyramid 4,59,,5,2650,150,20x Scale Shell (Isis 26.68%),4x Shining Scale (Isis 5%)
re,7,in_sphinx3,Dungeon,Sphinx 3,70,,4,2700,150,25x Cultish Masque (Marduk 21.83%)
re,8,gef_dun02,Dungeon,Geffen Dungeon 3,77,,3,2600,150,15x Little Evil Horn (Deviruchi 26.68%),1x Little Evil Wing (Deviruchi 2%)
re,9,gl_prison1,Dungeon,Prison 2,91,,7,3650,150,18x Brigan (Injustice 26.68%),1x Spoon Stub (Skeleton Prisoner 0.5%)
re,10,gl_sew02,Dungeon,Sewer 2,96,,6,3500,150,7x Claw of Rat (Cramp 23.28%),3x Little Evil Wing (Gargoyle 2.5%)
re,11,gl_knt02,Dungeon,Knight Hall 2,110,,6,3900,150,27x Brigan (Raydric 24.25%)
re,12,mjolnir_10,Field,Argos,50,,3,1050,60,19x Cobweb (Argos 45%)
re,13,mjolnir_05,Field,Argiope,72,,2,1100,60,11x Bug Leg (Argiope 26.68%)
re,14,mjo_dun03,Dungeon,Coal Mine 3,46,,3,2000,150,27x Lantern (Skeleton Worker 27.5%),2x Trunk (Myst 4%)
re,15,c_tower3,Dungeon,Clock Tower 3F,85,,3,3150,150,36x Needle of Alarm (Alarm 26.68%)
re,16,alde_dun03,Dungeon,Clock Tower B3,74,,3,2800,150,27x Tentacle (Penomena 40%)
re,17,cmd_fild04,Field,Sea Otter / Aster,47,,2,800,60,8x Sea-Otter Fur (Sea Otter 21.83%)
re,18,cmd_fild03,Field,Anolian / Alligator,58,,3,1050,60,6x Maneater Blossom (Flora 45%)
re,19,um_fild03,Field,Parasite,72,,3,1100,60,11x Sprout (Parasite 27.5%)
re,20,yuno_fild02,Field,Sleeper / Beetle King,80,,3,1200,60,11x Grit (Sleeper 26.68%)
re,21,yuno_fild08,Field,Grand Peco,75,,3,1100,60,10x Peco Peco Feather (Grand Peco 24.25%)
re,22,mag_dun02,Dungeon,Magma 2,105,,4,3450,150,9x Dragon Canine (Deleter 13%)
re,23,juperos_02,Dungeon,Juperos 2,115,H,6,3450,250,19x Rusty Screw (Venatu 10%),17x Metal Fragment (Apocalypse 26.68%)
re,24,nif_fild01,Field,Niflheim field,103,,2,1550,60,7x Red Muffler (Disguise 24.25%)
re,25,ein_fild06,Field,Holden / Goat,84,,2,1250,60,12x Mole Whiskers (Holden 25%)
re,26,ein_dun02,Dungeon,Einbroch Mine 2,94,,2,3100,150,9x Crystal Fragment (Mineral 15%),1x Battered Kettle (Old Stove 5%)
re,27,lhz_fild03,Field,Breeze / Stem Worm,90,,2,1350,60,5x Maneater Root (Rafflesia 27.5%)
re,28,hu_fild04,Field,Novus,83,,4,1300,60,5x Maneater Blossom (Geographer 31%)
re,29,odin_tem02,Dungeon,Odin Temple 2,126,H,3,3800,250,36x Rune of Darkness (Skogul 17.5%),3x Rouge (Skogul 2.5%)
re,30,ra_fild05,Field,Hill Wind / Kobold,103,,3,1550,60,16x Blue Hair (Kobold 26.68%)
re,31,ice_dun03,Dungeon,Ice Cave 3,106,,8,3200,150,26x Glacial Heart (Ice Titan 25%),1x Frozen Rose (Ice Titan 0.5%)
re,32,ve_fild03,Field,Sandman / Magmaring,108,,6,1800,60,6x Burning Heart (Magmaring 15%)
re,33,thor_v03,Dungeon,Thor Volcano 3,136,H,9,4400,250,30x Burning Heart (Salamander 15%),9x Burning Hair (Kasa 12.5%)
re,34,gon_dun03,Dungeon,Kunlun 3,95,,3,3450,150,17x Transparent Celestial Robe (Evil Nymph 19.89%),1x Mandragora Flowerpot (Hermit Plant 4%)
re,35,lou_dun03,Dungeon,Louyang 3,85,,3,3150,150,13x Denture from Dragon Mask (Zhu Po Long 21.83%),1x Munak Doll (Yao Jun 1.5%)
re,36,ama_dun02,Dungeon,Amatsu 2,85,,3,2850,150,22x Poisonous Toad Skin (Poisonous Toad 27.5%)
re,37,ayo_dun02,Dungeon,Ayothaya 2,69,,4,2350,150,28x Tassel (Tamruan 24.25%)
re,38,mosk_dun02,Dungeon,Moscovia 2,83,,2,2500,150,9x Strong Branch (Leshij 20%),4x Shoot (Lesavka 5%)
re,39,dew_dun02,Dungeon,Krakatau,86,,2,2600,150,7x Sticky Mucus (Butoijo 13.75%)
re,40,ma_fild02,Field,Malaya field,115,H,2,1700,120,9x Beautiful Flower (Bungisngis 10%),5x Mysterious Flower (Mangkukulam 10%)
re,41,rockmi1,Dungeon,Rockridge mine,136,H,3,4100,250,27x Brigan (Elite Buffalo Bandit 20%),23x Deadly Poison Powder (Gaster 25%),3x Smoke Powder (Gaster 3%)
