id,aegis,name,tier,kind,level,power,wlv,slots,weight,look,script,desc
63101,Kagemaru_Huuma,Kagemaru Huuma Shuriken,1,huuma,50,155,3,2,1500,Huuma_Giant_Wheel,"bonus bDex,1; bonus2 bSkillAtk,""KO_HUUMARANKA"",10;","A huuma shuriken handed to Kagerou and Oboro who have just left the Ninja ranks.|DEX +1|Increases damage of ^0000FFSwirling Petal^000000 by 10%."
63102,Kagemaru_Kodachi,Kagemaru Kodachi,1,dagger,50,110,3,2,700,Murasame,"bonus bAgi,1; bonus2 bSkillAtk,""KO_JYUMONJIKIRI"",10;","A short blade balanced for fighting with one in each hand.|AGI +1|Increases damage of ^0000FFCross Slash^000000 by 10%."
63103,Kagemaru_Mask,Kagemaru Mask,1,head,50,3,,1,200,Mask_Of_Fox,"bonus bAgi,1; bonus bFlee,3;","A fox mask worn by Kagerou and Oboro on their first missions.|AGI +1|FLEE +3"
63104,Kagemaru_Garb,Kagemaru Garb,1,armor,50,5,,1,500,Ninja_Suit,"bonus bMaxHP,200; bonus bFlee,5;","A light suit of dark cloth that makes no sound.|MaxHP +200|FLEE +5"
63105,Kagemaru_Scarf,Kagemaru Scarf,1,garment,50,2,,1,200,Muffler,"bonus bFlee2,2;","A long scarf that hides the wearer's outline.|Perfect Dodge +2"
63106,Kagemaru_Tabi,Kagemaru Tabi,1,shoes,50,2,,1,200,Sandals,"bonus bAgi,1; bonus bMaxSP,30;","Split-toed shoes for running on roof tiles.|AGI +1|MaxSP +30"
63107,Kagemaru_Charm,Kagemaru Charm,1,accessory,50,0,,1,100,Shinobi's_Sash,"bonus bDex,1; bonus bLuk,1;","A paper charm folded into a knot.|DEX +1|LUK +1"
63111,Tsukikage_Huuma,Tsukikage Huuma Shuriken,2,huuma,65,175,4,1,1600,Huuma_Bird_Wing,"bonus bDex,2; bonus2 bSkillAtk,""KO_HUUMARANKA"",15; bonus2 bSkillAtk,""KO_BAKURETSU"",10;","A huuma shuriken that catches the moonlight and nothing else.|DEX +2|Increases damage of ^0000FFSwirling Petal^000000 by 15%.|Increases damage of ^0000FFKunai Explosion^000000 by 10%."
63112,Tsukikage_Kodachi,Tsukikage Kodachi,2,dagger,65,125,4,1,700,Hakujin,"bonus bAgi,2; bonus bCritical,5; bonus2 bSkillAtk,""KO_JYUMONJIKIRI"",15;","A pale blade forged for those who fight by moonlight.|AGI +2|CRIT +5|Increases damage of ^0000FFCross Slash^000000 by 15%."
63113,Tsukikage_Mask,Tsukikage Mask,2,head,65,4,,1,200,Assassin_Mask,"bonus bAgi,2; bonus bFlee,5;","A mask that leaves the wearer's face in shadow.|AGI +2|FLEE +5"
63114,Tsukikage_Garb,Tsukikage Garb,2,armor,65,6,,1,500,Ninja_Suit,"bonus bMaxHPrate,5; bonus bFlee,7;","Moonlit cloth, cut close so it never snags.|MaxHP +5%|FLEE +7"
63115,Tsukikage_Scarf,Tsukikage Scarf,2,garment,65,3,,1,200,Wool_Scarf,"bonus bFlee2,3; bonus2 bSubEle,Ele_Neutral,5;","A scarf woven with a thread of silver.|Perfect Dodge +3|Reduces damage from ^0000FFNeutral^000000 property attacks by 5%."
63116,Tsukikage_Tabi,Tsukikage Tabi,2,shoes,65,3,,1,200,High_Fashion_Sandals,"bonus bAgi,2; bonus bMaxSPrate,5;","Soft-soled tabi that leave no tracks.|AGI +2|MaxSP +5%"
63117,Tsukikage_Charm,Tsukikage Charm,2,accessory,65,0,,1,100,Shinobi's_Sash,"bonus bDex,2; bonus bLuk,2; bonus bCritical,2;","A charm written by moonlight.|DEX +2|LUK +2|CRIT +2"
63121,Yamigarasu_Huuma,Yamigarasu Huuma Shuriken,3,huuma,80,195,4,1,1700,Huuma_Blaze,"bonus bStr,2; bonus bDex,2; bonus2 bSkillAtk,""KO_HUUMARANKA"",20; bonus2 bSkillAtk,""KO_BAKURETSU"",15;","A black huuma shuriken with crow-feather blades.|STR +2|DEX +2|Increases damage of ^0000FFSwirling Petal^000000 by 20%.|Increases damage of ^0000FFKunai Explosion^000000 by 15%."
63122,Yamigarasu_Kodachi,Yamigarasu Kodachi,3,dagger,80,140,4,1,700,Kamaitachi,"bonus bStr,1; bonus bAgi,2; bonus bCritical,7; bonus2 bSkillAtk,""KO_JYUMONJIKIRI"",20; bonus2 bSkillAtk,""KO_SETSUDAN"",15;","A dark blade said to have been quenched in a crow's shadow.|STR +1|AGI +2|CRIT +7|Increases damage of ^0000FFCross Slash^000000 by 20%.|Increases damage of ^0000FFSoul Cutter^000000 by 15%."
63123,Yamigarasu_Mask,Yamigarasu Mask,3,head,80,5,,1,200,Kabuki_Mask,"bonus bAgi,3; bonus bFlee,7;","A painted mask of the crow clan.|AGI +3|FLEE +7"
63124,Yamigarasu_Garb,Yamigarasu Garb,3,armor,80,7,,1,500,Ninja_Suit,"bonus bMaxHPrate,7; bonus bFlee,10;","A suit as black as a crow's wing.|MaxHP +7%|FLEE +10"
63125,Yamigarasu_Scarf,Yamigarasu Scarf,3,garment,80,4,,1,200,Falcon_Robe,"bonus bFlee2,4; bonus2 bSubEle,Ele_Neutral,10;","A feathered scarf that moves with the wind.|Perfect Dodge +4|Reduces damage from ^0000FFNeutral^000000 property attacks by 10%."
63126,Yamigarasu_Tabi,Yamigarasu Tabi,3,shoes,80,4,,1,200,High_Fashion_Sandals,"bonus bAgi,3; bonus bMaxSPrate,7; bonus bMaxHP,300;","Tabi with soles of crow-feather felt.|AGI +3|MaxHP +300|MaxSP +7%"
63127,Yamigarasu_Charm,Yamigarasu Charm,3,accessory,80,0,,1,100,Shinobi's_Sash,"bonus bDex,3; bonus bLuk,2; bonus bCritical,3;","A charm sealed with black wax.|DEX +3|LUK +2|CRIT +3"
63131,Oborozuki_Huuma,Oborozuki Huuma Shuriken,4,huuma,95,215,4,1,1800,Huuma_Calm_Mind,"bonus bStr,3; bonus bDex,3; bonus2 bSkillAtk,""KO_HUUMARANKA"",25; bonus2 bSkillAtk,""KO_BAKURETSU"",20; bonus bUnbreakableWeapon;","The huuma shuriken of a master, said to cut through the hazy moon.|STR +3|DEX +3|Increases damage of ^0000FFSwirling Petal^000000 by 25%.|Increases damage of ^0000FFKunai Explosion^000000 by 20%.|Indestructible."
63132,Oborozuki_Kodachi,Oborozuki Kodachi,4,dagger,95,155,4,1,700,Khukri,"bonus bStr,2; bonus bAgi,3; bonus bCritical,10; bonus2 bSkillAtk,""KO_JYUMONJIKIRI"",25; bonus2 bSkillAtk,""KO_SETSUDAN"",20; bonus bUnbreakableWeapon;","A master's blade that leaves no trace but a hazy moon.|STR +2|AGI +3|CRIT +10|Increases damage of ^0000FFCross Slash^000000 by 25%.|Increases damage of ^0000FFSoul Cutter^000000 by 20%.|Indestructible."
63133,Oborozuki_Mask,Oborozuki Mask,4,head,95,6,,1,200,Dragon_Arhat_Mask,"bonus bAgi,4; bonus bFlee,10;","The mask of a master of the hazy moon.|AGI +4|FLEE +10"
63134,Oborozuki_Garb,Oborozuki Garb,4,armor,95,8,,1,500,Ninja_Suit,"bonus bMaxHPrate,10; bonus bFlee,12;","A master's suit, woven from mist.|MaxHP +10%|FLEE +12"
63135,Oborozuki_Scarf,Oborozuki Scarf,4,garment,95,5,,1,200,Falcon_Robe,"bonus bFlee2,5; bonus2 bSubEle,Ele_Neutral,12;","A scarf that fades into the night air.|Perfect Dodge +5|Reduces damage from ^0000FFNeutral^000000 property attacks by 12%."
63136,Oborozuki_Tabi,Oborozuki Tabi,4,shoes,95,5,,1,200,High_Fashion_Sandals,"bonus bAgi,4; bonus bMaxSPrate,10; bonus bMaxHPrate,5;","Tabi that leave no sound, no track and no shadow.|AGI +4|MaxHP +5%|MaxSP +10%"
63137,Oborozuki_Charm,Oborozuki Charm,4,accessory,95,0,,1,100,Shinobi's_Sash,"bonus bDex,4; bonus bLuk,3; bonus bCritical,4;","A master's charm, written in ink that only shows by moonlight.|DEX +4|LUK +3|CRIT +4"
